-- phpMyAdmin SQL Dump
-- version 4.5.4.1deb2ubuntu2
-- http://www.phpmyadmin.net
--
-- Host: localhost
-- Generation Time: Nov 27, 2017 at 11:58 PM
-- Server version: 5.7.20-0ubuntu0.16.04.1
-- PHP Version: 7.0.22-0ubuntu0.16.04.1

SET SQL_MODE = "NO_AUTO_VALUE_ON_ZERO";
SET time_zone = "+00:00";


/*!40101 SET @OLD_CHARACTER_SET_CLIENT=@@CHARACTER_SET_CLIENT */;
/*!40101 SET @OLD_CHARACTER_SET_RESULTS=@@CHARACTER_SET_RESULTS */;
/*!40101 SET @OLD_COLLATION_CONNECTION=@@COLLATION_CONNECTION */;
/*!40101 SET NAMES utf8mb4 */;

--
-- Database: `LPTI`
--

-- --------------------------------------------------------

--
-- Table structure for table `ALUNO`
--

CREATE TABLE `ALUNO` (
  `idALUNO` bigint(20) NOT NULL,
  `NOME` varchar(60) NOT NULL,
  `SITUACAO` int(11) DEFAULT NULL,
  `FOTO` blob
) ENGINE=InnoDB DEFAULT CHARSET=utf8;

--
-- Dumping data for table `ALUNO`
--

INSERT INTO `ALUNO` (`idALUNO`, `NOME`, `SITUACAO`, `FOTO`) VALUES
(201518001000, '	Cauã Costa	', NULL, NULL),
(201518001001, '	Rafaela Araujo	', NULL, NULL),
(201518001002, '	Marina Melo	', NULL, NULL),
(201518001003, '	Bianca Rocha	', NULL, NULL),
(201518001004, '	Miguel Santos	', NULL, NULL),
(201518001005, '	Diego Cavalcanti	', NULL, NULL),
(201518001006, '	Leonardo Pinto	', NULL, NULL),
(201518001007, '	Ryan Oliveira	', NULL, NULL),
(201518001008, '	Kauê Souza	', NULL, NULL),
(201518001009, '	Laura Melo	', NULL, NULL),
(201518001010, '	Arthur Araujo	', NULL, NULL),
(201518001011, '	Miguel Barros	', NULL, NULL),
(201518001012, '	Arthur Barbosa	', NULL, NULL),
(201518001013, '	Tânia Barbosa	', NULL, NULL),
(201518001014, '	Isabella Castro	', NULL, NULL),
(201518001015, '	Leonor Ribeiro	', NULL, NULL),
(201518001016, '	Antônio Oliveira	', NULL, NULL),
(201518001017, '	Estevan Ribeiro	', NULL, NULL),
(201518001018, '	Matheus Alves	', NULL, NULL),
(201518001019, '	Paulo Gomes	', NULL, NULL),
(201518100100, '	Gabriel Fernandes	', NULL, NULL),
(201518100101, '	Felipe Santos	', NULL, NULL),
(201518100102, '	Marcos Araujo	', NULL, NULL),
(201518100103, '	Rafael Azevedo	', NULL, NULL),
(201518100104, '	Diego Pereira	', NULL, NULL),
(201518100105, '	Breno Silva	', NULL, NULL),
(201518100106, '	Ana Azevedo	', NULL, NULL),
(201518100107, '	Beatriz Cunha	', NULL, NULL),
(201518100108, '	Renan Silva	', NULL, NULL),
(201518100109, '	Emilly Barbosa	', NULL, NULL),
(201518100110, '	João Costa	', NULL, NULL),
(201518100111, '	Luis Goncalves	', NULL, NULL),
(201518100112, '	Rebeca Gomes	', NULL, NULL),
(201518100113, '	Sophia Azevedo	', NULL, NULL),
(201518100114, '	Manuela Dias	', NULL, NULL),
(201518100115, '	Melissa Castro	', NULL, NULL),
(201518100116, '	Carolina Oliveira	', NULL, NULL),
(201518100117, '	Joao Santos	', NULL, NULL),
(201518100118, '	Eduarda Sousa	', NULL, NULL),
(201518100119, '	Diego Goncalves	', NULL, NULL),
(201518110100, '	Gustavo Rocha	', 1, NULL),
(201518110101, '	Vitór Carvalho	', 1, NULL),
(201518110102, '	Melissa Almeida	', 1, NULL),
(201518110103, '	Diogo Cunha	', 1, NULL),
(201518110104, '	Bruno Barbosa	', 1, NULL),
(201518110105, '	Rebeca Gomes	', 1, NULL),
(201518110106, '	Livia Azevedo	', 1, NULL),
(201518110107, '	Giovanna Azevedo	', 1, NULL),
(201518110108, '	Felipe Lima	', 1, NULL),
(201518110109, '	Daniel Pinto	', 1, NULL),
(201518110110, '	Ana Silva	', 1, NULL),
(201518110111, '	Beatriz Costa	', 1, NULL),
(201518110112, '	Lavinia Alves	', 1, NULL),
(201518110113, '	Guilherme Pereira	', 1, NULL),
(201518110114, '	Rebeca Araujo	', 1, NULL),
(201518110115, '	Luana Martins	', 1, NULL),
(201518110116, '	Emilly Costa	', 1, NULL),
(201518110117, '	Enzo Barbosa	', 1, NULL),
(201518110118, '	Fernanda Cardoso	', 1, NULL),
(201518110119, '	Letícia Melo	', 1, NULL),
(201618001000, '	Murilo Dias	', NULL, NULL),
(201618001001, '	Thiago Carvalho	', NULL, NULL),
(201618001002, '	Giovanna Santos	', NULL, NULL),
(201618001003, '	Thiago Costa	', NULL, NULL),
(201618001004, '	Martim Castro	', NULL, NULL),
(201618001005, '	Daniel Cunha	', NULL, NULL),
(201618001006, '	Mateus Barbosa	', NULL, NULL),
(201618001007, '	Melissa Azevedo	', NULL, NULL),
(201618001008, '	Isabella Pereira	', NULL, NULL),
(201618001009, '	Enzo Castro	', NULL, NULL),
(201618001010, '	Rafaela Martins	', NULL, NULL),
(201618001011, '	Yasmin Sousa	', NULL, NULL),
(201618001012, '	Miguel Castro	', NULL, NULL),
(201618001013, '	Cauã Pinto	', NULL, NULL),
(201618001014, '	Giovanna Santos	', NULL, NULL),
(201618001015, '	Larissa Souza	', NULL, NULL),
(201618001016, '	José Goncalves	', NULL, NULL),
(201618001017, '	Luís Cunha	', NULL, NULL),
(201618001018, '	Arthur Goncalves	', NULL, NULL),
(201618001019, '	Gabrielly Oliveira	', NULL, NULL),
(201618100100, '	Kai Silva	', NULL, NULL),
(201618100101, '	Nicole Rocha	', NULL, NULL),
(201618100102, '	Igor Cavalcanti	', NULL, NULL),
(201618100103, '	Alice Almeida	', NULL, NULL),
(201618100104, '	Sofia Fernandes	', NULL, NULL),
(201618100105, '	Tomás Pereira	', NULL, NULL),
(201618100106, '	Giovanna Ribeiro	', NULL, NULL),
(201618100107, '	Lara Goncalves	', NULL, NULL),
(201618100108, '	Leila Barbosa	', NULL, NULL),
(201618100109, '	Tomás Barbosa	', NULL, NULL),
(201618100110, '	Diego Araujo	', NULL, NULL),
(201618100111, '	Lucas Ribeiro	', NULL, NULL),
(201618100112, '	Beatriz Cunha	', NULL, NULL),
(201618100113, '	Danilo Ribeiro	', NULL, NULL),
(201618100114, '	Thiago Cunha	', NULL, NULL),
(201618100115, '	Renan Goncalves	', NULL, NULL),
(201618100116, '	Lucas Martins	', NULL, NULL),
(201618100117, '	Martim Oliveira	', NULL, NULL),
(201618100118, '	Kaua Alves	', NULL, NULL),
(201618100119, '	Giovana Pereira	', NULL, NULL),
(201618110100, '	Eduardo Martins	', NULL, NULL),
(201618110101, '	Sofia Melo	', NULL, NULL),
(201618110102, '	Estevan Rocha	', NULL, NULL),
(201618110103, '	Guilherme Melo	', NULL, NULL),
(201618110104, '	Gustavo Goncalves	', NULL, NULL),
(201618110105, '	Carolina Ferreira	', NULL, NULL),
(201618110106, '	Nicolas Almeida	', NULL, NULL),
(201618110107, '	Nicolash Martins	', NULL, NULL),
(201618110108, '	Beatrice Alves	', NULL, NULL),
(201618110109, '	Marina Carvalho	', NULL, NULL),
(201618110110, '	Vinícius Souza	', NULL, NULL),
(201618110111, '	Lavinia Goncalves	', NULL, NULL),
(201618110112, '	Clara Alves	', NULL, NULL),
(201618110113, '	Guilherme Ribeiro	', NULL, NULL),
(201618110114, '	Camila Carvalho	', NULL, NULL),
(201618110115, '	Carlos Dias	', NULL, NULL),
(201618110116, '	Luís Silva	', NULL, NULL),
(201618110117, '	Marisa Rocha	', NULL, NULL),
(201618110118, '	Vitoria Cardoso	', NULL, NULL),
(201618110119, '	Beatriz Lima	', NULL, NULL),
(201620000000, '	Bruno Cunha	', NULL, NULL),
(201620000001, '	Tiago Costa	', NULL, NULL),
(201620000002, '	Bruno Cunha	', NULL, NULL),
(201620000003, '	Eduarda Rocha	', NULL, NULL),
(201620000004, '	Julia Ribeiro	', NULL, NULL),
(201620000005, '	Giovanna Almeida	', NULL, NULL),
(201620000006, '	Rafaela Barros	', NULL, NULL),
(201620000007, '	Maria Goncalves	', NULL, NULL),
(201620000008, '	Diego Alves	', NULL, NULL),
(201620000009, '	Emily Castro	', NULL, NULL),
(201620000010, '	Mateus Gomes	', NULL, NULL),
(201620000011, '	Giovanna Souza	', NULL, NULL),
(201620000012, '	Leonor Pinto	', NULL, NULL),
(201620000013, '	Otávio Cavalcanti	', NULL, NULL),
(201620000014, '	Arthur Santos	', NULL, NULL),
(201621000000, '	Bianca Almeida	', NULL, NULL),
(201621000001, '	Rodrigo Pinto	', NULL, NULL),
(201621000002, '	Enzo Sousa	', NULL, NULL),
(201621000003, '	Kauê Costa	', NULL, NULL),
(201621000004, '	Renan Melo	', NULL, NULL),
(201621000005, '	Tiago Pereira	', NULL, NULL),
(201621000006, '	Carla Ribeiro	', NULL, NULL),
(201621000007, '	Eduarda Cavalcanti	', NULL, NULL),
(201621000008, '	Igor Correia	', NULL, NULL),
(201621000009, '	Alex Ferreira	', NULL, NULL),
(201621000010, '	Emilly Pinto	', NULL, NULL),
(201621000011, '	Tiago Santos	', NULL, NULL),
(201621000012, '	Felipe Carvalho	', NULL, NULL),
(201621000013, '	Isabella Rodrigues	', NULL, NULL),
(201621000014, '	Gabrielly Souza	', NULL, NULL),
(201622000000, '	Beatriz Carvalho	', NULL, NULL),
(201622000001, '	Rafaela Melo	', NULL, NULL),
(201622000002, '	Eduarda Santos	', NULL, NULL),
(201622000003, '	Beatriz Lima	', NULL, NULL),
(201622000004, '	Fernanda Castro	', NULL, NULL),
(201622000005, '	Ryan Goncalves	', NULL, NULL),
(201622000006, '	Isabelle Rocha	', NULL, NULL),
(201622000007, '	Kauã Dias	', NULL, NULL),
(201622000008, '	Isabella Martins	', NULL, NULL),
(201622000009, '	Lavinia Martins	', NULL, NULL),
(201622000010, '	Ágatha Barbosa	', NULL, NULL),
(201622000011, '	André Sousa	', NULL, NULL),
(201622000012, '	Victor Melo	', NULL, NULL),
(201622000013, '	Marcos Araujo	', NULL, NULL),
(201622000014, '	Camila Silva	', NULL, NULL),
(201718001000, '	Leonor Cunha	', NULL, NULL),
(201718001001, '	Estevan Rodrigues	', NULL, NULL),
(201718001002, '	Júlio Goncalves	', NULL, NULL),
(201718001003, '	Bianca Pereira	', NULL, NULL),
(201718001004, '	Ágatha Cavalcanti	', NULL, NULL),
(201718001005, '	Ana Cardoso	', NULL, NULL),
(201718001006, '	Anna Barbosa	', NULL, NULL),
(201718001007, '	Sofia Barbosa	', NULL, NULL),
(201718001008, '	Tânia Carvalho	', NULL, NULL),
(201718001009, '	Eduardo Goncalves	', NULL, NULL),
(201718001010, '	Livia Araujo	', NULL, NULL),
(201718001011, '	Marcos Martins	', NULL, NULL),
(201718001012, '	Gabriel Melo	', NULL, NULL),
(201718001013, '	Matheus Silva	', NULL, NULL),
(201718001014, '	Raissa Alves	', NULL, NULL),
(201718001015, '	Julia Cardoso	', NULL, NULL),
(201718001016, '	Evelyn Pinto	', NULL, NULL),
(201718001017, '	Matheus Souza	', NULL, NULL),
(201718001018, '	Eduardo Melo	', NULL, NULL),
(201718001019, '	Fábio Melo	', NULL, NULL),
(201718100100, '	Carla Barros	', NULL, NULL),
(201718100101, '	Lavinia Rocha	', NULL, NULL),
(201718100102, '	Eduarda Souza	', NULL, NULL),
(201718100103, '	Paulo Costa	', NULL, NULL),
(201718100104, '	Sofia Pereira	', NULL, NULL),
(201718100105, '	Maria Fernandes	', NULL, NULL),
(201718100106, '	Tiago Lima	', NULL, NULL),
(201718100107, '	Diogo Pinto	', NULL, NULL),
(201718100108, '	Cauã Araujo	', NULL, NULL),
(201718100109, '	Gabrielle Goncalves	', NULL, NULL),
(201718100110, '	Laura Cardoso	', NULL, NULL),
(201718100111, '	Julia Cavalcanti	', NULL, NULL),
(201718100112, '	Marisa Araujo	', NULL, NULL),
(201718100113, '	Cauã Melo	', NULL, NULL),
(201718100114, '	Yasmin Costa	', NULL, NULL),
(201718100115, '	Fernanda Pinto	', NULL, NULL),
(201718100116, '	Melissa Souza	', NULL, NULL),
(201718100117, '	Lara Fernandes	', NULL, NULL),
(201718100118, '	João Lima	', NULL, NULL),
(201718100119, '	Raissa Azevedo	', NULL, NULL),
(201718110100, '	Carla Barbosa	', NULL, NULL),
(201718110101, '	Victor Barros	', NULL, NULL),
(201718110102, '	Fábio Melo	', NULL, NULL),
(201718110103, '	Manuela Castro	', NULL, NULL),
(201718110104, '	Isabella Oliveira	', NULL, NULL),
(201718110105, '	Raissa Dias	', NULL, NULL),
(201718110106, '	Mariana Souza	', NULL, NULL),
(201718110107, '	Amanda Silva	', NULL, NULL),
(201718110108, '	Martim Cavalcanti	', NULL, NULL),
(201718110109, '	Leonardo Cardoso	', NULL, NULL),
(201718110110, '	Danilo Cunha	', NULL, NULL),
(201718110111, '	Daniel Castro	', NULL, NULL),
(201718110112, '	Lara Ribeiro	', NULL, NULL),
(201718110113, '	Bianca Sousa	', NULL, NULL),
(201718110114, '	Rodrigo Fernandes	', NULL, NULL),
(201718110115, '	Clara Almeida	', NULL, NULL),
(201718110116, '	Maria Cunha	', NULL, NULL),
(201718110117, '	Gustavo Pereira	', NULL, NULL),
(201718110118, '	Giovana Correia	', NULL, NULL),
(201718110119, '	Leonor Rocha	', NULL, NULL),
(201720000000, '	Thaís Souza	', NULL, NULL),
(201720000001, '	João Pinto	', NULL, NULL),
(201720000002, '	Felipe Santos	', NULL, NULL),
(201720000003, '	Livia Fernandes	', NULL, NULL),
(201720000004, '	Luis Alves	', NULL, NULL),
(201720000005, '	Pedro Rocha	', NULL, NULL),
(201720000006, '	Kauê Cunha	', NULL, NULL),
(201720000007, '	Eduarda Souza	', NULL, NULL),
(201720000008, '	Isabella Dias	', NULL, NULL),
(201720000009, '	Gabriela Araujo	', NULL, NULL),
(201720000010, '	Tânia Castro	', NULL, NULL),
(201720000011, '	Eduarda Barros	', NULL, NULL),
(201720000012, '	Tiago Castro	', NULL, NULL),
(201720000013, '	Camila Dias	', NULL, NULL),
(201720000014, '	Joao Lima	', NULL, NULL),
(201721000000, '	Tomás Sousa	', NULL, NULL),
(201721000001, '	Davi Barbosa	', NULL, NULL),
(201721000002, '	Melissa Ferreira	', NULL, NULL),
(201721000003, '	Bianca Silva	', NULL, NULL),
(201721000004, '	Diogo Martins	', NULL, NULL),
(201721000005, '	Renan Silva	', NULL, NULL),
(201721000006, '	Leila Azevedo	', NULL, NULL),
(201721000007, '	Alex Lima	', NULL, NULL),
(201721000008, '	Lavinia Ribeiro	', NULL, NULL),
(201721000009, '	Miguel Cavalcanti	', NULL, NULL),
(201721000010, '	Sarah Fernandes	', NULL, NULL),
(201721000011, '	Lucas Melo	', NULL, NULL),
(201721000012, '	Martim Santos	', NULL, NULL),
(201721000013, '	Gabrielle Cardoso	', NULL, NULL),
(201721000014, '	Beatriz Ribeiro	', NULL, NULL),
(201722000000, '	Melissa Correia	', NULL, NULL),
(201722000001, '	Felipe Ferreira	', NULL, NULL),
(201722000002, '	André Ribeiro	', NULL, NULL),
(201722000003, '	Antônio Alves	', NULL, NULL),
(201722000004, '	Nicolash Melo	', NULL, NULL),
(201722000005, '	Nicolash Castro	', NULL, NULL),
(201722000006, '	Vitória Cavalcanti	', NULL, NULL),
(201722000007, '	Gabriel Silva	', NULL, NULL),
(201722000008, '	Tiago Castro	', NULL, NULL),
(201722000009, '	Gabriela Ferreira	', NULL, NULL),
(201722000010, '	Amanda Lima	', NULL, NULL),
(201722000011, '	Giovanna Sousa	', NULL, NULL),
(201722000012, '	Isabela Ribeiro	', NULL, NULL),
(201722000013, '	Kauan Alves	', NULL, NULL),
(201722000014, '	Lara Castro	', NULL, NULL);

-- --------------------------------------------------------

--
-- Table structure for table `CURSO`
--

CREATE TABLE `CURSO` (
  `idCURSO` int(11) NOT NULL,
  `NOME` varchar(45) NOT NULL,
  `MODALIDADE` int(2) NOT NULL
) ENGINE=InnoDB DEFAULT CHARSET=utf8;

--
-- Dumping data for table `CURSO`
--

INSERT INTO `CURSO` (`idCURSO`, `NOME`, `MODALIDADE`) VALUES
(1, 'Informática', 1),
(2, 'Mecatrônica', 1),
(3, 'Edificações', 1),
(4, 'Informática', 2),
(5, 'Mecatrônica', 2),
(6, 'Edificações', 2),
(99, 'Aprovação', 1);

-- --------------------------------------------------------

--
-- Table structure for table `DIMENSAO`
--

CREATE TABLE `DIMENSAO` (
  `idDIMENSAO` int(11) NOT NULL,
  `idQUESTIONARIO` int(11) NOT NULL,
  `DESCRICAO` text NOT NULL
) ENGINE=InnoDB DEFAULT CHARSET=utf8;

--
-- Dumping data for table `DIMENSAO`
--

INSERT INTO `DIMENSAO` (`idDIMENSAO`, `idQUESTIONARIO`, `DESCRICAO`) VALUES
(6, 4, 'Afetiva'),
(7, 4, 'Cognitiva');

-- --------------------------------------------------------

--
-- Table structure for table `FREQUENCIA`
--

CREATE TABLE `FREQUENCIA` (
  `idFREQUENCIA` int(11) NOT NULL,
  `idALUNO` bigint(20) NOT NULL,
  `idMATERIA` int(11) NOT NULL,
  `FALTAS` int(11) NOT NULL,
  `BIMESTRE` int(11) NOT NULL
) ENGINE=InnoDB DEFAULT CHARSET=utf8;

--
-- Dumping data for table `FREQUENCIA`
--

INSERT INTO `FREQUENCIA` (`idFREQUENCIA`, `idALUNO`, `idMATERIA`, `FALTAS`, `BIMESTRE`) VALUES
(1, 201518110110, 5, 1, 1),
(2, 201518110111, 5, 2, 1),
(3, 201518110104, 5, 3, 1),
(4, 201518110109, 5, 4, 1),
(5, 201518110103, 5, 5, 1),
(6, 201518110116, 5, 6, 1),
(7, 201518110117, 5, 7, 1),
(8, 201518110108, 5, 8, 1),
(9, 201518110118, 5, 9, 1),
(10, 201518110107, 5, 10, 1),
(11, 201518110113, 5, 11, 1),
(12, 201518110100, 5, 12, 1),
(13, 201518110112, 5, 13, 1),
(14, 201518110119, 5, 14, 1),
(15, 201518110106, 5, 15, 1),
(16, 201518110115, 5, 16, 1),
(17, 201518110102, 5, 17, 1),
(18, 201518110114, 5, 18, 1),
(19, 201518110105, 5, 19, 1),
(20, 201518110101, 5, 20, 1),
(21, 201518110110, 13, 10, 1),
(22, 201518110111, 13, 10, 1),
(23, 201518110104, 13, 10, 1),
(24, 201518110109, 13, 10, 1),
(25, 201518110103, 13, 10, 1),
(26, 201518110116, 13, 10, 1),
(27, 201518110117, 13, 10, 1),
(28, 201518110108, 13, 10, 1),
(29, 201518110118, 13, 10, 1),
(30, 201518110107, 13, 10, 1),
(31, 201518110113, 13, 10, 1),
(32, 201518110100, 13, 10, 1),
(33, 201518110112, 13, 10, 1),
(34, 201518110119, 13, 10, 1),
(35, 201518110106, 13, 10, 1),
(36, 201518110115, 13, 10, 1),
(37, 201518110102, 13, 10, 1),
(38, 201518110114, 13, 10, 1),
(39, 201518110105, 13, 10, 1),
(40, 201518110101, 13, 10, 1),
(41, 201518110110, 12, 10, 1),
(42, 201518110111, 12, 10, 1),
(43, 201518110104, 12, 10, 1),
(44, 201518110109, 12, 10, 1),
(45, 201518110103, 12, 10, 1),
(46, 201518110116, 12, 10, 1),
(47, 201518110117, 12, 10, 1),
(48, 201518110108, 12, 10, 1),
(49, 201518110118, 12, 10, 1),
(50, 201518110107, 12, 10, 1),
(51, 201518110113, 12, 10, 1),
(52, 201518110100, 12, 10, 1),
(53, 201518110112, 12, 10, 1),
(54, 201518110119, 12, 10, 1),
(55, 201518110106, 12, 10, 1),
(56, 201518110115, 12, 10, 1),
(57, 201518110102, 12, 10, 1),
(58, 201518110114, 12, 10, 1),
(59, 201518110105, 12, 10, 1),
(60, 201518110101, 12, 10, 1);

-- --------------------------------------------------------

--
-- Table structure for table `MATERIA`
--

CREATE TABLE `MATERIA` (
  `idMATERIA` int(11) NOT NULL,
  `NOME` varchar(45) NOT NULL,
  `QTD_AULAS` int(11) NOT NULL
) ENGINE=InnoDB DEFAULT CHARSET=utf8;

--
-- Dumping data for table `MATERIA`
--

INSERT INTO `MATERIA` (`idMATERIA`, `NOME`, `QTD_AULAS`) VALUES
(12, 'Matemática III', 120),
(13, 'Sociologia', 80);

-- --------------------------------------------------------

--
-- Table structure for table `MATERIA_has_PROFESSOR`
--

CREATE TABLE `MATERIA_has_PROFESSOR` (
  `MATERIA_idMATERIA` int(11) NOT NULL,
  `PROFESSOR_idPROFESSOR` int(11) NOT NULL,
  `ANO` int(11) NOT NULL
) ENGINE=InnoDB DEFAULT CHARSET=utf8;

-- --------------------------------------------------------

--
-- Table structure for table `MODALIDADE`
--

CREATE TABLE `MODALIDADE` (
  `idMODALIDADE` int(2) NOT NULL,
  `MODALIDADE` varchar(45) NOT NULL
) ENGINE=InnoDB DEFAULT CHARSET=utf8;

--
-- Dumping data for table `MODALIDADE`
--

INSERT INTO `MODALIDADE` (`idMODALIDADE`, `MODALIDADE`) VALUES
(1, 'Integrado'),
(2, 'Subsequente');

-- --------------------------------------------------------

--
-- Table structure for table `MUT`
--

CREATE TABLE `MUT` (
  `USUARIO_idUSUARIO` int(11) NOT NULL,
  `TURMA_idTURMA` int(11) NOT NULL,
  `MATERIA_idMATERIA` int(11) NOT NULL,
  `ANO` int(4) DEFAULT NULL
) ENGINE=InnoDB DEFAULT CHARSET=utf8;

--
-- Dumping data for table `MUT`
--

INSERT INTO `MUT` (`USUARIO_idUSUARIO`, `TURMA_idTURMA`, `MATERIA_idMATERIA`, `ANO`) VALUES
(20, 13, 12, 2017),
(20, 13, 13, 2017),
(21, 23, 12, 2017),
(21, 23, 13, 2017),
(22, 33, 12, 2017),
(22, 33, 13, 2017);

-- --------------------------------------------------------

--
-- Table structure for table `MUT_has_QUESTIONARIO`
--

CREATE TABLE `MUT_has_QUESTIONARIO` (
  `USUARIO_idUSUARIO` int(11) NOT NULL,
  `TURMA_idTURMA` int(11) NOT NULL,
  `MATERIA_idMATERIA` int(11) NOT NULL,
  `QUESTIONARIO_idQUESTIONARIO` int(11) NOT NULL,
  `ANO` int(4) DEFAULT NULL
) ENGINE=InnoDB DEFAULT CHARSET=utf8;

--
-- Dumping data for table `MUT_has_QUESTIONARIO`
--

INSERT INTO `MUT_has_QUESTIONARIO` (`USUARIO_idUSUARIO`, `TURMA_idTURMA`, `MATERIA_idMATERIA`, `QUESTIONARIO_idQUESTIONARIO`, `ANO`) VALUES
(20, 13, 12, 4, 2017),
(20, 13, 13, 4, 2017),
(21, 23, 12, 4, 2017),
(21, 23, 13, 4, 2017),
(22, 33, 12, 4, 2017),
(22, 33, 13, 4, 2017);

-- --------------------------------------------------------

--
-- Table structure for table `NOTA`
--

CREATE TABLE `NOTA` (
  `idNOTA` int(11) NOT NULL,
  `idALUNO` bigint(20) NOT NULL,
  `idMATERIA` int(11) NOT NULL,
  `NOTA` double NOT NULL,
  `BIMESTRE` int(11) NOT NULL
) ENGINE=InnoDB DEFAULT CHARSET=utf8;

--
-- Dumping data for table `NOTA`
--

INSERT INTO `NOTA` (`idNOTA`, `idALUNO`, `idMATERIA`, `NOTA`, `BIMESTRE`) VALUES
(1, 201518110110, 5, 1, 1),
(2, 201518110111, 5, 2, 1),
(3, 201518110104, 5, 3, 1),
(4, 201518110109, 5, 4, 1),
(5, 201518110103, 5, 5, 1),
(6, 201518110116, 5, 6, 1),
(7, 201518110117, 5, 7, 1),
(8, 201518110108, 5, 8, 1),
(9, 201518110118, 5, 9, 1),
(10, 201518110107, 5, 10, 1),
(11, 201518110113, 5, 11, 1),
(12, 201518110100, 5, 12, 1),
(13, 201518110112, 5, 13, 1),
(14, 201518110119, 5, 14, 1),
(15, 201518110106, 5, 15, 1),
(16, 201518110115, 5, 16, 1),
(17, 201518110102, 5, 17, 1),
(18, 201518110114, 5, 18, 1),
(19, 201518110105, 5, 19, 1),
(20, 201518110101, 5, 20, 1),
(21, 201518110110, 5, 1, 1),
(22, 201518110111, 5, 2, 1),
(23, 201518110104, 5, 3, 1),
(24, 201518110109, 5, 4, 1),
(25, 201518110103, 5, 5, 1),
(26, 201518110116, 5, 6, 1),
(27, 201518110117, 5, 7, 1),
(28, 201518110108, 5, 8, 1),
(29, 201518110118, 5, 9, 1),
(30, 201518110107, 5, 10, 1),
(31, 201518110113, 5, 11, 1),
(32, 201518110100, 5, 12, 1),
(33, 201518110112, 5, 13, 1),
(34, 201518110119, 5, 14, 1),
(35, 201518110106, 5, 15, 1),
(36, 201518110115, 5, 16, 1),
(37, 201518110102, 5, 17, 1),
(38, 201518110114, 5, 18, 1),
(39, 201518110105, 5, 19, 1),
(40, 201518110101, 5, 20, 1),
(41, 201518110110, 5, 1, 2),
(42, 201518110111, 5, 2, 2),
(43, 201518110104, 5, 3, 2),
(44, 201518110109, 5, 4, 2),
(45, 201518110103, 5, 5, 2),
(46, 201518110116, 5, 6, 2),
(47, 201518110117, 5, 7, 2),
(48, 201518110108, 5, 8, 2),
(49, 201518110118, 5, 9, 2),
(50, 201518110107, 5, 10, 2),
(51, 201518110113, 5, 11, 2),
(52, 201518110100, 5, 12, 2),
(53, 201518110112, 5, 13, 2),
(54, 201518110119, 5, 14, 2),
(55, 201518110106, 5, 15, 2),
(56, 201518110115, 5, 16, 2),
(57, 201518110102, 5, 17, 2),
(58, 201518110114, 5, 18, 2),
(59, 201518110105, 5, 19, 2),
(60, 201518110101, 5, 20, 2),
(61, 201518110110, 5, 1, 3),
(62, 201518110111, 5, 2, 3),
(63, 201518110104, 5, 3, 3),
(64, 201518110109, 5, 4, 3),
(65, 201518110103, 5, 5, 3),
(66, 201518110116, 5, 6, 3),
(67, 201518110117, 5, 7, 3),
(68, 201518110108, 5, 8, 3),
(69, 201518110118, 5, 9, 3),
(70, 201518110107, 5, 10, 3),
(71, 201518110113, 5, 11, 3),
(72, 201518110100, 5, 12, 3),
(73, 201518110112, 5, 13, 3),
(74, 201518110119, 5, 14, 3),
(75, 201518110106, 5, 15, 3),
(76, 201518110115, 5, 16, 3),
(77, 201518110102, 5, 17, 3),
(78, 201518110114, 5, 18, 3),
(79, 201518110105, 5, 19, 3),
(80, 201518110101, 5, 20, 3),
(81, 201518110110, 5, 1, 4),
(82, 201518110111, 5, 2, 4),
(83, 201518110104, 5, 3, 4),
(84, 201518110109, 5, 4, 4),
(85, 201518110103, 5, 5, 4),
(86, 201518110116, 5, 6, 4),
(87, 201518110117, 5, 7, 4),
(88, 201518110108, 5, 8, 4),
(89, 201518110118, 5, 9, 4),
(90, 201518110107, 5, 10, 4),
(91, 201518110113, 5, 11, 4),
(92, 201518110100, 5, 12, 4),
(93, 201518110112, 5, 13, 4),
(94, 201518110119, 5, 14, 4),
(95, 201518110106, 5, 15, 4),
(96, 201518110115, 5, 16, 4),
(97, 201518110102, 5, 17, 4),
(98, 201518110114, 5, 18, 4),
(99, 201518110105, 5, 19, 4),
(100, 201518110101, 5, 20, 4),
(101, 201518110110, 13, 15, 1),
(102, 201518110111, 13, 15, 1),
(103, 201518110104, 13, 15, 1),
(104, 201518110109, 13, 15, 1),
(105, 201518110103, 13, 15, 1),
(106, 201518110116, 13, 15, 1),
(107, 201518110117, 13, 15, 1),
(108, 201518110108, 13, 15, 1),
(109, 201518110118, 13, 15, 1),
(110, 201518110107, 13, 15, 1),
(111, 201518110113, 13, 15, 1),
(112, 201518110100, 13, 15, 1),
(113, 201518110112, 13, 15, 1),
(114, 201518110119, 13, 15, 1),
(115, 201518110106, 13, 15, 1),
(116, 201518110115, 13, 15, 1),
(117, 201518110102, 13, 15, 1),
(118, 201518110114, 13, 15, 1),
(119, 201518110105, 13, 15, 1),
(120, 201518110101, 13, 15, 1),
(121, 201518110110, 13, 10, 2),
(122, 201518110111, 13, 10, 2),
(123, 201518110104, 13, 10, 2),
(124, 201518110109, 13, 10, 2),
(125, 201518110103, 13, 10, 2),
(126, 201518110116, 13, 10, 2),
(127, 201518110117, 13, 10, 2),
(128, 201518110108, 13, 10, 2),
(129, 201518110118, 13, 10, 2),
(130, 201518110107, 13, 10, 2),
(131, 201518110113, 13, 10, 2),
(132, 201518110100, 13, 10, 2),
(133, 201518110112, 13, 10, 2),
(134, 201518110119, 13, 10, 2),
(135, 201518110106, 13, 10, 2),
(136, 201518110115, 13, 10, 2),
(137, 201518110102, 13, 10, 2),
(138, 201518110114, 13, 10, 2),
(139, 201518110105, 13, 10, 2),
(140, 201518110101, 13, 10, 2),
(141, 201518110110, 13, 15, 3),
(142, 201518110111, 13, 15, 3),
(143, 201518110104, 13, 15, 3),
(144, 201518110109, 13, 15, 3),
(145, 201518110103, 13, 15, 3),
(146, 201518110116, 13, 15, 3),
(147, 201518110117, 13, 15, 3),
(148, 201518110108, 13, 15, 3),
(149, 201518110118, 13, 15, 3),
(150, 201518110107, 13, 15, 3),
(151, 201518110113, 13, 15, 3),
(152, 201518110100, 13, 15, 3),
(153, 201518110112, 13, 15, 3),
(154, 201518110119, 13, 15, 3),
(155, 201518110106, 13, 15, 3),
(156, 201518110115, 13, 15, 3),
(157, 201518110102, 13, 15, 3),
(158, 201518110114, 13, 15, 3),
(159, 201518110105, 13, 15, 3),
(160, 201518110101, 13, 15, 3),
(161, 201518110110, 13, 10, 4),
(162, 201518110111, 13, 10, 4),
(163, 201518110104, 13, 10, 4),
(164, 201518110109, 13, 10, 4),
(165, 201518110103, 13, 10, 4),
(166, 201518110116, 13, 10, 4),
(167, 201518110117, 13, 10, 4),
(168, 201518110108, 13, 10, 4),
(169, 201518110118, 13, 10, 4),
(170, 201518110107, 13, 10, 4),
(171, 201518110113, 13, 10, 4),
(172, 201518110100, 13, 10, 4),
(173, 201518110112, 13, 10, 4),
(174, 201518110119, 13, 10, 4),
(175, 201518110106, 13, 10, 4),
(176, 201518110115, 13, 10, 4),
(177, 201518110102, 13, 10, 4),
(178, 201518110114, 13, 10, 4),
(179, 201518110105, 13, 10, 4),
(180, 201518110101, 13, 10, 4),
(181, 201518110110, 12, 10, 1),
(182, 201518110111, 12, 10, 1),
(183, 201518110104, 12, 10, 1),
(184, 201518110109, 12, 10, 1),
(185, 201518110103, 12, 10, 1),
(186, 201518110116, 12, 10, 1),
(187, 201518110117, 12, 10, 1),
(188, 201518110108, 12, 10, 1),
(189, 201518110118, 12, 10, 1),
(190, 201518110107, 12, 10, 1),
(191, 201518110113, 12, 10, 1),
(192, 201518110100, 12, 10, 1),
(193, 201518110112, 12, 10, 1),
(194, 201518110119, 12, 10, 1),
(195, 201518110106, 12, 10, 1),
(196, 201518110115, 12, 10, 1),
(197, 201518110102, 12, 10, 1),
(198, 201518110114, 12, 10, 1),
(199, 201518110105, 12, 10, 1),
(200, 201518110101, 12, 10, 1),
(201, 201518110110, 12, 10, 3),
(202, 201518110111, 12, 10, 3),
(203, 201518110104, 12, 10, 3),
(204, 201518110109, 12, 10, 3),
(205, 201518110103, 12, 10, 3),
(206, 201518110116, 12, 10, 3),
(207, 201518110117, 12, 10, 3),
(208, 201518110108, 12, 10, 3),
(209, 201518110118, 12, 10, 3),
(210, 201518110107, 12, 10, 3),
(211, 201518110113, 12, 10, 3),
(212, 201518110100, 12, 10, 3),
(213, 201518110112, 12, 10, 3),
(214, 201518110119, 12, 10, 3),
(215, 201518110106, 12, 10, 3),
(216, 201518110115, 12, 10, 3),
(217, 201518110102, 12, 10, 3),
(218, 201518110114, 12, 10, 3),
(219, 201518110105, 12, 10, 3),
(220, 201518110101, 12, 10, 3),
(221, 201518110110, 12, 15, 2),
(222, 201518110111, 12, 15, 2),
(223, 201518110104, 12, 15, 2),
(224, 201518110109, 12, 15, 2),
(225, 201518110103, 12, 15, 2),
(226, 201518110116, 12, 15, 2),
(227, 201518110117, 12, 15, 2),
(228, 201518110108, 12, 15, 2),
(229, 201518110118, 12, 15, 2),
(230, 201518110107, 12, 15, 2),
(231, 201518110113, 12, 15, 2),
(232, 201518110100, 12, 15, 2),
(233, 201518110112, 12, 15, 2),
(234, 201518110119, 12, 15, 2),
(235, 201518110106, 12, 15, 2),
(236, 201518110115, 12, 15, 2),
(237, 201518110102, 12, 15, 2),
(238, 201518110114, 12, 15, 2),
(239, 201518110105, 12, 15, 2),
(240, 201518110101, 12, 15, 2),
(241, 201518110110, 12, 15, 4),
(242, 201518110111, 12, 15, 4),
(243, 201518110104, 12, 15, 4),
(244, 201518110109, 12, 15, 4),
(245, 201518110103, 12, 15, 4),
(246, 201518110116, 12, 15, 4),
(247, 201518110117, 12, 15, 4),
(248, 201518110108, 12, 15, 4),
(249, 201518110118, 12, 15, 4),
(250, 201518110107, 12, 15, 4),
(251, 201518110113, 12, 15, 4),
(252, 201518110100, 12, 15, 4),
(253, 201518110112, 12, 15, 4),
(254, 201518110119, 12, 15, 4),
(255, 201518110106, 12, 15, 4),
(256, 201518110115, 12, 15, 4),
(257, 201518110102, 12, 15, 4),
(258, 201518110114, 12, 15, 4),
(259, 201518110105, 12, 15, 4),
(260, 201518110101, 12, 15, 4);

-- --------------------------------------------------------

--
-- Table structure for table `PARAMETRO_DE_RISCO`
--

CREATE TABLE `PARAMETRO_DE_RISCO` (
  `idPARAMETRO_DE_RISCO` int(11) NOT NULL,
  `FREQUENCIA` int(11) NOT NULL,
  `NOTA` double NOT NULL,
  `MATERIAS` int(11) NOT NULL,
  `idTURMA` int(11) NOT NULL
) ENGINE=InnoDB DEFAULT CHARSET=utf8;

--
-- Dumping data for table `PARAMETRO_DE_RISCO`
--

INSERT INTO `PARAMETRO_DE_RISCO` (`idPARAMETRO_DE_RISCO`, `FREQUENCIA`, `NOTA`, `MATERIAS`, `idTURMA`) VALUES
(1, 60, 100, 2, 11),
(2, 60, 60, 0, 21),
(3, 60, 60, 0, 31),
(4, 90, 60, 3, 41),
(5, 60, 60, 0, 51),
(6, 60, 60, 1, 61),
(8, 90, 40, 3, 12),
(9, 90, 40, 3, 13),
(10, 40, 50, 12, 41),
(11, 40, 50, 12, 42),
(12, 50, 60, 12, 41),
(13, 50, 60, 12, 42),
(14, 50, 11, 4, 41),
(15, 50, 11, 4, 42);

-- --------------------------------------------------------

--
-- Table structure for table `PERGUNTA`
--

CREATE TABLE `PERGUNTA` (
  `idPERGUNTA` int(11) NOT NULL,
  `idDIMENSAO` int(11) NOT NULL,
  `PERGUNTA` longtext NOT NULL,
  `TIPO` tinyint(4) DEFAULT NULL
) ENGINE=InnoDB DEFAULT CHARSET=utf8;

--
-- Dumping data for table `PERGUNTA`
--

INSERT INTO `PERGUNTA` (`idPERGUNTA`, `idDIMENSAO`, `PERGUNTA`, `TIPO`) VALUES
(15, 6, 'Lorem ipsum dolor sit amet', 0),
(16, 6, 'Lorem ipsum dolor sit amet', 0),
(17, 6, 'Lorem ipsum dolor sit amet', 1),
(18, 7, 'Lorem ipsum dolor sit amet', 1),
(19, 7, 'Lorem ipsum dolor sit amet', 1);

-- --------------------------------------------------------

--
-- Table structure for table `PROFESSOR`
--

CREATE TABLE `PROFESSOR` (
  `idPROFESSOR` int(11) NOT NULL,
  `NOME` varchar(60) NOT NULL,
  `EMAIL` varchar(100) NOT NULL
) ENGINE=InnoDB DEFAULT CHARSET=utf8;

-- --------------------------------------------------------

--
-- Table structure for table `QUESTIONARIO`
--

CREATE TABLE `QUESTIONARIO` (
  `idQUESTIONARIO` int(11) NOT NULL,
  `NOME` varchar(40) DEFAULT NULL,
  `ANO` int(4) DEFAULT NULL
) ENGINE=InnoDB DEFAULT CHARSET=utf8;

--
-- Dumping data for table `QUESTIONARIO`
--

INSERT INTO `QUESTIONARIO` (`idQUESTIONARIO`, `NOME`, `ANO`) VALUES
(4, '1/2017', 2017);

-- --------------------------------------------------------

--
-- Table structure for table `QUESTIONARIO_has_TURMA`
--

CREATE TABLE `QUESTIONARIO_has_TURMA` (
  `QUESTIONARIO_idQUESTIONARIO` int(11) NOT NULL,
  `TURMA_idTURMA` int(11) NOT NULL,
  `ANO` int(4) DEFAULT NULL
) ENGINE=InnoDB DEFAULT CHARSET=utf8;

--
-- Dumping data for table `QUESTIONARIO_has_TURMA`
--

INSERT INTO `QUESTIONARIO_has_TURMA` (`QUESTIONARIO_idQUESTIONARIO`, `TURMA_idTURMA`, `ANO`) VALUES
(4, 13, 2017),
(4, 23, 2017),
(4, 33, 2017);

-- --------------------------------------------------------

--
-- Table structure for table `RESPOSTA`
--

CREATE TABLE `RESPOSTA` (
  `idRESPOSTA` int(11) NOT NULL,
  `idPERGUNTA` int(11) NOT NULL,
  `idUSUARIO` int(11) NOT NULL,
  `idALUNO` bigint(20) NOT NULL,
  `RESPOSTA` tinyint(1) DEFAULT NULL,
  `RESPOSTA_ABERTA` longtext
) ENGINE=InnoDB DEFAULT CHARSET=utf8;

-- --------------------------------------------------------

--
-- Table structure for table `TURMA`
--

CREATE TABLE `TURMA` (
  `idTURMA` int(11) NOT NULL,
  `idCURSO` int(11) NOT NULL,
  `SERIE` int(11) NOT NULL,
  `MODALIDADE` int(2) NOT NULL
) ENGINE=InnoDB DEFAULT CHARSET=utf8;

--
-- Dumping data for table `TURMA`
--

INSERT INTO `TURMA` (`idTURMA`, `idCURSO`, `SERIE`, `MODALIDADE`) VALUES
(11, 1, 1, 1),
(12, 1, 2, 1),
(13, 1, 3, 1),
(21, 2, 1, 1),
(22, 2, 2, 1),
(23, 2, 3, 1),
(31, 3, 1, 1),
(32, 3, 2, 1),
(33, 3, 3, 1),
(41, 4, 1, 2),
(42, 4, 2, 2),
(51, 5, 1, 2),
(52, 5, 2, 2),
(61, 6, 1, 2),
(62, 6, 2, 2),
(99, 99, 99, 1);

-- --------------------------------------------------------

--
-- Table structure for table `TURMA_has_ALUNO`
--

CREATE TABLE `TURMA_has_ALUNO` (
  `ALUNO_idALUNO` bigint(20) NOT NULL,
  `TURMA_idTURMA` int(11) NOT NULL,
  `ANO` int(11) NOT NULL
) ENGINE=InnoDB DEFAULT CHARSET=utf8;

--
-- Dumping data for table `TURMA_has_ALUNO`
--

INSERT INTO `TURMA_has_ALUNO` (`ALUNO_idALUNO`, `TURMA_idTURMA`, `ANO`) VALUES
(201518001000, 23, 2017),
(201518001001, 23, 2017),
(201518001002, 23, 2017),
(201518001003, 23, 2017),
(201518001004, 23, 2017),
(201518001005, 23, 2017),
(201518001006, 23, 2017),
(201518001007, 23, 2017),
(201518001008, 23, 2017),
(201518001009, 23, 2017),
(201518001010, 23, 2017),
(201518001011, 23, 2017),
(201518001012, 23, 2017),
(201518001013, 23, 2017),
(201518001014, 23, 2017),
(201518001015, 23, 2017),
(201518001016, 23, 2017),
(201518001017, 23, 2017),
(201518001018, 23, 2017),
(201518001019, 23, 2017),
(201518100100, 33, 2017),
(201518100101, 33, 2017),
(201518100102, 33, 2017),
(201518100103, 33, 2017),
(201518100104, 33, 2017),
(201518100105, 33, 2017),
(201518100106, 33, 2017),
(201518100107, 33, 2017),
(201518100108, 33, 2017),
(201518100109, 33, 2017),
(201518100110, 33, 2017),
(201518100111, 33, 2017),
(201518100112, 33, 2017),
(201518100113, 33, 2017),
(201518100114, 33, 2017),
(201518100115, 33, 2017),
(201518100116, 33, 2017),
(201518100117, 33, 2017),
(201518100118, 33, 2017),
(201518100119, 33, 2017),
(201518110100, 13, 2017),
(201518110100, 99, 2018),
(201518110101, 13, 2017),
(201518110101, 99, 2018),
(201518110102, 13, 2017),
(201518110102, 99, 2018),
(201518110103, 13, 2017),
(201518110103, 99, 2018),
(201518110104, 13, 2017),
(201518110104, 99, 2018),
(201518110105, 13, 2017),
(201518110105, 99, 2018),
(201518110106, 13, 2017),
(201518110106, 99, 2018),
(201518110107, 13, 2017),
(201518110107, 99, 2018),
(201518110108, 13, 2017),
(201518110108, 99, 2018),
(201518110109, 13, 2017),
(201518110109, 99, 2018),
(201518110110, 13, 2017),
(201518110110, 99, 2018),
(201518110111, 13, 2017),
(201518110111, 99, 2018),
(201518110112, 13, 2017),
(201518110112, 99, 2018),
(201518110113, 13, 2017),
(201518110113, 99, 2018),
(201518110114, 13, 2017),
(201518110114, 99, 2018),
(201518110115, 13, 2017),
(201518110115, 99, 2018),
(201518110116, 13, 2017),
(201518110116, 99, 2018),
(201518110117, 13, 2017),
(201518110117, 99, 2018),
(201518110118, 13, 2017),
(201518110118, 99, 2018),
(201518110119, 13, 2017),
(201518110119, 99, 2018),
(201618001000, 22, 2017),
(201618001001, 22, 2017),
(201618001002, 22, 2017),
(201618001003, 22, 2017),
(201618001004, 22, 2017),
(201618001005, 22, 2017),
(201618001006, 22, 2017),
(201618001007, 22, 2017),
(201618001008, 22, 2017),
(201618001009, 22, 2017),
(201618001010, 22, 2017),
(201618001011, 22, 2017),
(201618001012, 22, 2017),
(201618001013, 22, 2017),
(201618001014, 22, 2017),
(201618001015, 22, 2017),
(201618001016, 22, 2017),
(201618001017, 22, 2017),
(201618001018, 22, 2017),
(201618001019, 22, 2017),
(201618100100, 32, 2017),
(201618100101, 32, 2017),
(201618100102, 32, 2017),
(201618100103, 32, 2017),
(201618100104, 32, 2017),
(201618100105, 32, 2017),
(201618100106, 32, 2017),
(201618100107, 32, 2017),
(201618100108, 32, 2017),
(201618100109, 32, 2017),
(201618100110, 32, 2017),
(201618100111, 32, 2017),
(201618100112, 32, 2017),
(201618100113, 32, 2017),
(201618100114, 32, 2017),
(201618100115, 32, 2017),
(201618100116, 32, 2017),
(201618100117, 32, 2017),
(201618100118, 32, 2017),
(201618100119, 32, 2017),
(201618110100, 12, 2017),
(201618110101, 12, 2017),
(201618110102, 12, 2017),
(201618110103, 12, 2017),
(201618110104, 12, 2017),
(201618110105, 12, 2017),
(201618110106, 12, 2017),
(201618110107, 12, 2017),
(201618110108, 12, 2017),
(201618110109, 12, 2017),
(201618110110, 12, 2017),
(201618110111, 12, 2017),
(201618110112, 12, 2017),
(201618110113, 12, 2017),
(201618110114, 12, 2017),
(201618110115, 12, 2017),
(201618110116, 12, 2017),
(201618110117, 12, 2017),
(201618110118, 12, 2017),
(201618110119, 12, 2017),
(201620000000, 42, 2017),
(201620000001, 42, 2017),
(201620000002, 42, 2017),
(201620000003, 42, 2017),
(201620000004, 42, 2017),
(201620000005, 42, 2017),
(201620000006, 42, 2017),
(201620000007, 42, 2017),
(201620000008, 42, 2017),
(201620000009, 42, 2017),
(201620000010, 42, 2017),
(201620000011, 42, 2017),
(201620000012, 42, 2017),
(201620000013, 42, 2017),
(201620000014, 42, 2017),
(201621000000, 52, 2017),
(201621000001, 52, 2017),
(201621000002, 52, 2017),
(201621000003, 52, 2017),
(201621000004, 52, 2017),
(201621000005, 52, 2017),
(201621000006, 52, 2017),
(201621000007, 52, 2017),
(201621000008, 52, 2017),
(201621000009, 52, 2017),
(201621000010, 52, 2017),
(201621000011, 52, 2017),
(201621000012, 52, 2017),
(201621000013, 52, 2017),
(201621000014, 52, 2017),
(201622000000, 62, 2017),
(201622000001, 62, 2017),
(201622000002, 62, 2017),
(201622000003, 62, 2017),
(201622000004, 62, 2017),
(201622000005, 62, 2017),
(201622000006, 62, 2017),
(201622000007, 62, 2017),
(201622000008, 62, 2017),
(201622000009, 62, 2017),
(201622000010, 62, 2017),
(201622000011, 62, 2017),
(201622000012, 62, 2017),
(201622000013, 62, 2017),
(201622000014, 62, 2017),
(201718001000, 21, 2017),
(201718001001, 21, 2017),
(201718001002, 21, 2017),
(201718001003, 21, 2017),
(201718001004, 21, 2017),
(201718001005, 21, 2017),
(201718001006, 21, 2017),
(201718001007, 21, 2017),
(201718001008, 21, 2017),
(201718001009, 21, 2017),
(201718001010, 21, 2017),
(201718001011, 21, 2017),
(201718001012, 21, 2017),
(201718001013, 21, 2017),
(201718001014, 21, 2017),
(201718001015, 21, 2017),
(201718001016, 21, 2017),
(201718001017, 21, 2017),
(201718001018, 21, 2017),
(201718001019, 21, 2017),
(201718100100, 31, 2017),
(201718100101, 31, 2017),
(201718100102, 31, 2017),
(201718100103, 31, 2017),
(201718100104, 31, 2017),
(201718100105, 31, 2017),
(201718100106, 31, 2017),
(201718100107, 31, 2017),
(201718100108, 31, 2017),
(201718100109, 31, 2017),
(201718100110, 31, 2017),
(201718100111, 31, 2017),
(201718100112, 31, 2017),
(201718100113, 31, 2017),
(201718100114, 31, 2017),
(201718100115, 31, 2017),
(201718100116, 31, 2017),
(201718100117, 31, 2017),
(201718100118, 31, 2017),
(201718100119, 31, 2017),
(201718110100, 11, 2017),
(201718110101, 11, 2017),
(201718110102, 11, 2017),
(201718110103, 11, 2017),
(201718110104, 11, 2017),
(201718110105, 11, 2017),
(201718110106, 11, 2017),
(201718110107, 11, 2017),
(201718110108, 11, 2017),
(201718110109, 11, 2017),
(201718110110, 11, 2017),
(201718110111, 11, 2017),
(201718110112, 11, 2017),
(201718110113, 11, 2017),
(201718110114, 11, 2017),
(201718110115, 11, 2017),
(201718110116, 11, 2017),
(201718110117, 11, 2017),
(201718110118, 11, 2017),
(201718110119, 11, 2017),
(201720000000, 41, 2017),
(201720000001, 41, 2017),
(201720000002, 41, 2017),
(201720000003, 41, 2017),
(201720000004, 41, 2017),
(201720000005, 41, 2017),
(201720000006, 41, 2017),
(201720000007, 41, 2017),
(201720000008, 41, 2017),
(201720000009, 41, 2017),
(201720000010, 41, 2017),
(201720000011, 41, 2017),
(201720000012, 41, 2017),
(201720000013, 41, 2017),
(201720000014, 41, 2017),
(201721000000, 51, 2017),
(201721000001, 51, 2017),
(201721000002, 51, 2017),
(201721000003, 51, 2017),
(201721000004, 51, 2017),
(201721000005, 51, 2017),
(201721000006, 51, 2017),
(201721000007, 51, 2017),
(201721000008, 51, 2017),
(201721000009, 51, 2017),
(201721000010, 51, 2017),
(201721000011, 51, 2017),
(201721000012, 51, 2017),
(201721000013, 51, 2017),
(201721000014, 51, 2017),
(201722000000, 61, 2017),
(201722000001, 61, 2017),
(201722000002, 61, 2017),
(201722000003, 61, 2017),
(201722000004, 61, 2017),
(201722000005, 61, 2017),
(201722000006, 61, 2017),
(201722000007, 61, 2017),
(201722000008, 61, 2017),
(201722000009, 61, 2017),
(201722000010, 61, 2017),
(201722000011, 61, 2017),
(201722000012, 61, 2017),
(201722000013, 61, 2017),
(201722000014, 61, 2017);

-- --------------------------------------------------------

--
-- Table structure for table `TURMA_has_MATERIA`
--

CREATE TABLE `TURMA_has_MATERIA` (
  `TURMA_idTURMA` int(11) NOT NULL,
  `MATERIA_idMATERIA` int(11) NOT NULL,
  `ANO` int(11) NOT NULL
) ENGINE=InnoDB DEFAULT CHARSET=utf8;

--
-- Dumping data for table `TURMA_has_MATERIA`
--

INSERT INTO `TURMA_has_MATERIA` (`TURMA_idTURMA`, `MATERIA_idMATERIA`, `ANO`) VALUES
(13, 12, 2017),
(13, 13, 2017),
(23, 12, 2017),
(23, 13, 2017),
(33, 12, 2017),
(33, 13, 2017);

-- --------------------------------------------------------

--
-- Table structure for table `USUARIO`
--

CREATE TABLE `USUARIO` (
  `idUSUARIO` int(11) NOT NULL,
  `NOME` varchar(60) DEFAULT NULL,
  `LOGIN` varchar(45) NOT NULL,
  `SENHA` varchar(45) NOT NULL,
  `TIPO` int(11) NOT NULL
) ENGINE=InnoDB DEFAULT CHARSET=utf8;

--
-- Dumping data for table `USUARIO`
--

INSERT INTO `USUARIO` (`idUSUARIO`, `NOME`, `LOGIN`, `SENHA`, `TIPO`) VALUES
(1, NULL, 'info', '59bd0a3ff43b32849b319e645d4798d8a5d1e889', 1),
(2, NULL, 'meca', '902e82cf5bad3d0046162d772375f33f1afa6754', 2),
(3, NULL, 'edif', '563e1d54b0f21a105957d3109bae94200b0a7612', 3),
(4, NULL, 'est', '665de1f2775ca0b64d3ceda7c1b4bd15e32a73ed', 4),
(5, 'Prof', 'prof', 'da39a3ee5e6b4b0d3255bfef95601890afd80709', 4),
(15, NULL, 'root', 'dc76e9f0c0006e8f919e0c515c66dbba3982f785', 0),
(16, NULL, 'teste', '2e6f9b0d5885b6010f9167787445617f553a735f', 0),
(19, NULL, 'prof1', '356a192b7913b04c54574d18c28d46e6395428ab', 5),
(20, NULL, 'rodrigo', '356a192b7913b04c54574d18c28d46e6395428ab', 5),
(21, 'Adriene Martins', 'adriene', '356a192b7913b04c54574d18c28d46e6395428ab', 5),
(22, NULL, 'joao', '356a192b7913b04c54574d18c28d46e6395428ab', 5),
(23, NULL, 'mike', 'a17fed27eaa842282862ff7c1b9c8395a26ac320', 6);

--
-- Indexes for dumped tables
--

--
-- Indexes for table `ALUNO`
--
ALTER TABLE `ALUNO`
  ADD PRIMARY KEY (`idALUNO`);

--
-- Indexes for table `CURSO`
--
ALTER TABLE `CURSO`
  ADD PRIMARY KEY (`idCURSO`),
  ADD KEY `MODALIDADE` (`MODALIDADE`);

--
-- Indexes for table `DIMENSAO`
--
ALTER TABLE `DIMENSAO`
  ADD PRIMARY KEY (`idDIMENSAO`),
  ADD KEY `fk_DIMENSAO_1_idx` (`idQUESTIONARIO`);

--
-- Indexes for table `FREQUENCIA`
--
ALTER TABLE `FREQUENCIA`
  ADD PRIMARY KEY (`idFREQUENCIA`),
  ADD KEY `fk_FREQUENCIA_1_idx` (`idMATERIA`),
  ADD KEY `fk_FREQUENCIA_2_idx` (`idALUNO`);

--
-- Indexes for table `MATERIA`
--
ALTER TABLE `MATERIA`
  ADD PRIMARY KEY (`idMATERIA`);

--
-- Indexes for table `MATERIA_has_PROFESSOR`
--
ALTER TABLE `MATERIA_has_PROFESSOR`
  ADD PRIMARY KEY (`MATERIA_idMATERIA`,`PROFESSOR_idPROFESSOR`),
  ADD KEY `fk_MATERIA_has_PROFESSOR_PROFESSOR1_idx` (`PROFESSOR_idPROFESSOR`),
  ADD KEY `fk_MATERIA_has_PROFESSOR_MATERIA1_idx` (`MATERIA_idMATERIA`);

--
-- Indexes for table `MODALIDADE`
--
ALTER TABLE `MODALIDADE`
  ADD PRIMARY KEY (`idMODALIDADE`);

--
-- Indexes for table `MUT`
--
ALTER TABLE `MUT`
  ADD PRIMARY KEY (`USUARIO_idUSUARIO`,`TURMA_idTURMA`,`MATERIA_idMATERIA`),
  ADD KEY `fk_USUARIO_has_TURMA_has_MATERIA_TURMA_has_MATERIA1_idx` (`TURMA_idTURMA`,`MATERIA_idMATERIA`),
  ADD KEY `fk_USUARIO_has_TURMA_has_MATERIA_USUARIO1_idx` (`USUARIO_idUSUARIO`);

--
-- Indexes for table `MUT_has_QUESTIONARIO`
--
ALTER TABLE `MUT_has_QUESTIONARIO`
  ADD PRIMARY KEY (`USUARIO_idUSUARIO`,`TURMA_idTURMA`,`MATERIA_idMATERIA`,`QUESTIONARIO_idQUESTIONARIO`),
  ADD KEY `fk_MUT_has_QUESTIONARIO_QUESTIONARIO1_idx` (`QUESTIONARIO_idQUESTIONARIO`),
  ADD KEY `fk_MUT_has_QUESTIONARIO_MUT1_idx` (`USUARIO_idUSUARIO`,`TURMA_idTURMA`,`MATERIA_idMATERIA`);

--
-- Indexes for table `NOTA`
--
ALTER TABLE `NOTA`
  ADD PRIMARY KEY (`idNOTA`),
  ADD KEY `fk_NOTA_1_idx` (`idALUNO`),
  ADD KEY `fk_NOTA_2_idx` (`idMATERIA`);

--
-- Indexes for table `PARAMETRO_DE_RISCO`
--
ALTER TABLE `PARAMETRO_DE_RISCO`
  ADD PRIMARY KEY (`idPARAMETRO_DE_RISCO`),
  ADD KEY `idTURMA` (`idTURMA`) USING BTREE;

--
-- Indexes for table `PERGUNTA`
--
ALTER TABLE `PERGUNTA`
  ADD PRIMARY KEY (`idPERGUNTA`),
  ADD KEY `fk_PERGUNTA_1_idx` (`idDIMENSAO`);

--
-- Indexes for table `PROFESSOR`
--
ALTER TABLE `PROFESSOR`
  ADD PRIMARY KEY (`idPROFESSOR`);

--
-- Indexes for table `QUESTIONARIO`
--
ALTER TABLE `QUESTIONARIO`
  ADD PRIMARY KEY (`idQUESTIONARIO`);

--
-- Indexes for table `QUESTIONARIO_has_TURMA`
--
ALTER TABLE `QUESTIONARIO_has_TURMA`
  ADD PRIMARY KEY (`QUESTIONARIO_idQUESTIONARIO`,`TURMA_idTURMA`),
  ADD KEY `fk_QUESTIONARIO_has_TURMA_TURMA1_idx` (`TURMA_idTURMA`),
  ADD KEY `fk_QUESTIONARIO_has_TURMA_QUESTIONARIO1_idx` (`QUESTIONARIO_idQUESTIONARIO`);

--
-- Indexes for table `RESPOSTA`
--
ALTER TABLE `RESPOSTA`
  ADD PRIMARY KEY (`idRESPOSTA`),
  ADD KEY `fk_RESPOSTA_1_idx` (`idPERGUNTA`),
  ADD KEY `fk_RESPOSTA_2_idx` (`idUSUARIO`),
  ADD KEY `fk_RESPOSTA_3_idx` (`idALUNO`);

--
-- Indexes for table `TURMA`
--
ALTER TABLE `TURMA`
  ADD PRIMARY KEY (`idTURMA`),
  ADD KEY `fk_TURMA_1_idx` (`idCURSO`),
  ADD KEY `MODALIDADE` (`MODALIDADE`);

--
-- Indexes for table `TURMA_has_ALUNO`
--
ALTER TABLE `TURMA_has_ALUNO`
  ADD PRIMARY KEY (`ALUNO_idALUNO`,`TURMA_idTURMA`),
  ADD KEY `fk_ALUNO_has_TURMA_TURMA1_idx` (`TURMA_idTURMA`),
  ADD KEY `fk_ALUNO_has_TURMA_ALUNO_idx` (`ALUNO_idALUNO`);

--
-- Indexes for table `TURMA_has_MATERIA`
--
ALTER TABLE `TURMA_has_MATERIA`
  ADD PRIMARY KEY (`TURMA_idTURMA`,`MATERIA_idMATERIA`),
  ADD KEY `fk_TURMA_has_MATERIA_MATERIA1_idx` (`MATERIA_idMATERIA`),
  ADD KEY `fk_TURMA_has_MATERIA_TURMA1_idx` (`TURMA_idTURMA`);

--
-- Indexes for table `USUARIO`
--
ALTER TABLE `USUARIO`
  ADD PRIMARY KEY (`idUSUARIO`),
  ADD UNIQUE KEY `LOGIN_UNIQUE` (`LOGIN`);

--
-- AUTO_INCREMENT for dumped tables
--

--
-- AUTO_INCREMENT for table `CURSO`
--
ALTER TABLE `CURSO`
  MODIFY `idCURSO` int(11) NOT NULL AUTO_INCREMENT, AUTO_INCREMENT=100;
--
-- AUTO_INCREMENT for table `DIMENSAO`
--
ALTER TABLE `DIMENSAO`
  MODIFY `idDIMENSAO` int(11) NOT NULL AUTO_INCREMENT, AUTO_INCREMENT=8;
--
-- AUTO_INCREMENT for table `FREQUENCIA`
--
ALTER TABLE `FREQUENCIA`
  MODIFY `idFREQUENCIA` int(11) NOT NULL AUTO_INCREMENT, AUTO_INCREMENT=61;
--
-- AUTO_INCREMENT for table `MATERIA`
--
ALTER TABLE `MATERIA`
  MODIFY `idMATERIA` int(11) NOT NULL AUTO_INCREMENT, AUTO_INCREMENT=14;
--
-- AUTO_INCREMENT for table `MODALIDADE`
--
ALTER TABLE `MODALIDADE`
  MODIFY `idMODALIDADE` int(2) NOT NULL AUTO_INCREMENT, AUTO_INCREMENT=3;
--
-- AUTO_INCREMENT for table `NOTA`
--
ALTER TABLE `NOTA`
  MODIFY `idNOTA` int(11) NOT NULL AUTO_INCREMENT, AUTO_INCREMENT=261;
--
-- AUTO_INCREMENT for table `PARAMETRO_DE_RISCO`
--
ALTER TABLE `PARAMETRO_DE_RISCO`
  MODIFY `idPARAMETRO_DE_RISCO` int(11) NOT NULL AUTO_INCREMENT, AUTO_INCREMENT=16;
--
-- AUTO_INCREMENT for table `PERGUNTA`
--
ALTER TABLE `PERGUNTA`
  MODIFY `idPERGUNTA` int(11) NOT NULL AUTO_INCREMENT, AUTO_INCREMENT=20;
--
-- AUTO_INCREMENT for table `PROFESSOR`
--
ALTER TABLE `PROFESSOR`
  MODIFY `idPROFESSOR` int(11) NOT NULL AUTO_INCREMENT;
--
-- AUTO_INCREMENT for table `QUESTIONARIO`
--
ALTER TABLE `QUESTIONARIO`
  MODIFY `idQUESTIONARIO` int(11) NOT NULL AUTO_INCREMENT, AUTO_INCREMENT=5;
--
-- AUTO_INCREMENT for table `RESPOSTA`
--
ALTER TABLE `RESPOSTA`
  MODIFY `idRESPOSTA` int(11) NOT NULL AUTO_INCREMENT, AUTO_INCREMENT=661;
--
-- AUTO_INCREMENT for table `TURMA`
--
ALTER TABLE `TURMA`
  MODIFY `idTURMA` int(11) NOT NULL AUTO_INCREMENT, AUTO_INCREMENT=100;
--
-- AUTO_INCREMENT for table `USUARIO`
--
ALTER TABLE `USUARIO`
  MODIFY `idUSUARIO` int(11) NOT NULL AUTO_INCREMENT, AUTO_INCREMENT=24;
--
-- Constraints for dumped tables
--

--
-- Constraints for table `CURSO`
--
ALTER TABLE `CURSO`
  ADD CONSTRAINT `CURSO_ibfk_2` FOREIGN KEY (`MODALIDADE`) REFERENCES `MODALIDADE` (`idMODALIDADE`) ON DELETE CASCADE ON UPDATE CASCADE;

--
-- Constraints for table `DIMENSAO`
--
ALTER TABLE `DIMENSAO`
  ADD CONSTRAINT `fk_DIMENSAO_1` FOREIGN KEY (`idQUESTIONARIO`) REFERENCES `QUESTIONARIO` (`idQUESTIONARIO`) ON DELETE NO ACTION ON UPDATE NO ACTION;

/*!40101 SET CHARACTER_SET_CLIENT=@OLD_CHARACTER_SET_CLIENT */;
/*!40101 SET CHARACTER_SET_RESULTS=@OLD_CHARACTER_SET_RESULTS */;
/*!40101 SET COLLATION_CONNECTION=@OLD_COLLATION_CONNECTION */;
